set,approach,rmse,r2,spearman
train,absolute,0.0061054985318748384,0.9985290266302805,0.9950943921726625
test,absolute,0.1523833853332276,-0.27488134459985747,0.12506209133200308
train,squared,0.005139435790300925,0.9989576983213289,0.9867465104114614
test,squared,0.17434765441460118,-0.6688862975766028,0.1812708728984617
