set,approach,rmse,r2,spearman
train,difference,0.005572170511828938,0.9989868669872892,0.9990235440974384
test,difference,0.16579165330975945,-0.15416123230672363,0.06734582250083042
train,squared_signed,0.004766863636845599,0.9992585478503359,0.9961315138763679
test,squared_signed,0.19244977554583353,-0.5551632160223998,0.13477144726948093
