set,approach,rmse,r2,spearman
train,logistic,0.05889048898916556,0.8906208537040657,0.9965885975191054
test,logistic,0.22625060624830667,-0.5985999934221518,-0.08729003987518483
train,absolute,0.011584347142175318,0.9957675938657691,0.9950943925099002
test,absolute,0.20978891493675006,-0.37443870647238975,0.12506209133200308
