set,approach,rmse,r2,spearman
train,squared_signed,0.015816354087245788,0.9921103640011232,0.9884643725615908
test,squared_signed,0.2197146383973408,-0.5075727847898261,0.09092733510789099
train,absolute,0.011584347142175318,0.9957675938657691,0.9950943925099002
test,absolute,0.20978891493675006,-0.37443870647238975,0.12506209133200308
