set,approach,rmse,r2,spearman
train,squared_signed,0.8228916687286157,0.9559149054810399,0.9214642526814214
test,squared_signed,2.848676309926981,0.48165917889936605,0.52220707754033
train,difference,0.49330508781440185,0.9841569922425683,0.9744886632485226
test,difference,2.5709564891002814,0.5777995830159481,0.6548773844598247
