set,approach,rmse,r2,spearman
train,difference,73.24962346120886,0.9736075564908944,0.9839992514408545
test,difference,407.2376204199512,0.027384421965691352,0.16136566275496553
train,squared_signed,63.31909991646854,0.9802785758768083,0.9592210859182286
test,squared_signed,426.6746281591222,-0.0676750066380214,0.08058395009533617
