set,approach,rmse,r2,spearman
train,absolute,0.1046364303146783,0.8645888735810495,0.8999519381836943
test,absolute,0.2664276348772382,0.13709632479031275,0.46091426051175544
train,logistic_absolute,0.09999468504710406,0.8759785348973574,0.9132654185462655
test,logistic_absolute,0.2504102644997213,0.24262001880789796,0.47713776119891216
